name,email
Sidenor Industrial S.l.,comercial@sidenor.com
Jbp - Proyectos E Instalaciones,julian@jblanco.e.telefonica.net
Mecanizados Vara S.l.,vara@mecanizadosvara.com
ExpoimS.a.,administracion@expoimsa.com
Tavil-indebe S.a.,comercial@tavil.com
Kiman 95 S.l.,kiman95@kiman95.com
Rectificados Y Mecanizados V & B S.l.,vb@sea.es
Mecanizaci¾n PramecS.l.,info@mpramec.com
TÚcnico De Decoletaje S.l.,comercial@tecnide.net
Laef S.l.,laef@laefsl.com
Talleres Mecßnicos Vega L¾pez Hermanos S.a.,vega@sea.es
Talleres Hijo De Augusto MartÝnS.l.,thaumar@thaumar.es
Tecoplas S.l.,comercial@tecoplas.com
Andaluza De Laminados S.l.,laminado@santandersupernet.com
Carpinteria Caranceja S.a.,ventanas@carpinteriacaranceja.com
Mecanizados MßlagaS.l.,mecmalaga@hotmail.com
Centro LogÝstico De TornillerÝa S.a.,comercial@um-clt.com
Industrias Landu S.coop.,landu@landu.es
Talleres Rectificados Calatayud S.l.,victor@tayreca.com
Talleres All·sS.a.,info@allus.es
Viuda De Cßndido Gastelurrutia S.a.,comercial@vcg-decoletaje.com
Largoiko S.l.l.,largoiko@largoiko.es
Vilardell Purti S.a.,vpsa@vilardellpurti.com
Mecanizados Berlanga Y TrilloS.l.,mecanizadosbyt@byt.e.telefonica.net
Gpi Espagne S.l.,compras@gpiespagne.com
Repulsados Lasa S.l.,lasa@repulsadoslasa.com
Vila ElectroquÝmica S.a.,web@vila.ws
Fervica OiartzunS.l.,fervicasl@jazzfree.com
Somelsa Metßlica Y Electr¾nica S.l.,compras@somelsa.com
Laser Roll S.l.,laser@gruproll.net
Mecanizados Zaldimek S.l.,zaldimek@gmail.com
Talleres J.j. EcheverrÝaS.l.,talleres@jjecheverria.com
Talleres Socar S.a.,compras@talleres-socar.es
Lßser Y Plßsticos S.l.,laser@laseryplasticos.com
Industria Payß S.a.,paya@indsutriaspaya.es
BurmetalS.l.,burmetal@burmetal.net
Sidenor Industrial S.l.,comunicacion@sidenor.com
Laser Bages S.l.,laserbages@sallent.com
Chamorro Y MorenoS.a.,madrid@comra.net
IngenierÝa De Proyectos MarinosS. A.,inpromar@grupojosmar.com
Coproy S.a.,coproysa@gmail.com
Lasertaf S.l.,lasertaf@lasertaf.com
Skf Productos IndustrialesS.a.,alfonso.canoto@skf.com
Construcci¾n Y Auxiliar De FerrocarrilesS.a.,caf@caf.es
Trubuil Technologies S.l.,correo@trubuil.com
Mecanizados Lauak S.l.,lauak@lauak.com
Sbi Connectors Espa±aS.a.,info@sbiconnect.es
Planos - Planificaci¾n OficinasS.l.,a.mora@planosl.com
Ind·stries Ravent¾s S.a.,craventos@raventosind.com
TornillerÝa Lema S. A.,lema@lemasa.com
TornillerÝa Vergaresa,javier@tornilleriavergaresa.com
Suministros HidranortS.l.l.,hidranort@hidranort.com
Cromados Luis S.l.,cromadosluis@cromadosluis.es
Rectificados Lemar S.l.,lemar@rectificadoslemar.com
Tornilleria SegurS.a.,segur@tornilleriasegur.com
EbroaireS.l.,administracion@ebroaire.com
Grupo Hepresan S.l.,csc@hepresan.es
Talleres Lemar S.l.,lemar@tallereslemar.com
W Altos Servicios Industriales,wasi@wurth.es
Mecßnicas De Precisi¾n De Boecillo AerospaceS.l.,virginia.lopez@mpbaerospace.com
Curvat S.a.,curvat@curvat.es
Comercial Y Afilados Leizarßn S.l.,leza190@hotmail.com
Wasi HispaniaS.a.,wasi@wasi.es
Ikarus Aircraft ServicesS.a.,general@aernnova.com
CaldererÝa Y Transformados S.a.,cytsa@cytsa.es
Lorente GarcÝa Hermanos S. L.,lorentegh@lorentegh.jazztel.es
Fabricados Radelri,casabici@jazzfree.com
┌til VigoS.l.,utilvigo@utilvigo.es
Mecanizados Daejo S.l.,daejo@telefonica.net
Mecanizados Luisor S.l.,luisorsl@terra.es
Talleres BaizS.l.,baiz@baiz.net
Equilibrados Y Mecanizados ChiaS.l.,dulce@espirales.es
Mecanizados Damfer S.a.,damfer@damfermecanizados.com
Luis Torres Rubio S.l.,luistorresrubio@luistorresrubio.com
Navarra De Tecnicas De Soldadura Y Fijaci¾nS.l.,tsf@mailtsf.com
Delvalle,comercial@delvalle.es
Fijaciones Industriales Prelok S.a.u.,danielherrero@prelok.com
Lumiplas S.l. - CaldererÝa Plßstica,lumiplas@wanadoo.es
Bruno Trevi±o E HijosS.a.,bth@bth.es
Cu±adoS.a.,ventas.madrid@cunado.com
Transformados Mecßnicos Alonso S.l.,david.alonso@tmalonso.com
Mecanizados Artal S.a.,m.artal@mecanizadosartal.es
Asteasu MekanizatuakS.l.,asmek@asmeksl.com
Industrias Mecanicas Bedoya HermanosS.l.,hnosbedoya@telefonica.net
Decbo S.l.,decbo@decbo.com
Grupo Maderas Tejada S.l.,maderastejada@grupotejada.com
Compras Y SuministrosS.a.,consumisa@consumisa.com
Industrias Laneko S.a.l.,comercial@industriaslaneko.com
Decinox S.l.,decinox@hotmail.com
Maemsa Industrias Del Mecanizado Y Montajes S.l.,maemsasl@maemsasl.com
Gkn Ayra ServicioS.a.,ids.barcelona@gkndriveline.com
LosgonS.l.,losgon@terra.es
Decolletatge Industrial Dein S.l.,decodein@yahoo.es
Construcciones Mecßnicas Aragonesas S.a.,mail@cmasa.com
Comercial BeanuviS.l.,beanuvi@beanuvi.com
Montajes ChaypaS.l.,montajeschaypa@wanadoo.es
Decoletaje 9002 S.l.,decoletaje9002@decoletaje9002.com
Aceros Y Equipos S.l.,mailbox@acequisa.com
Teide IndustrialS.a.,juntas@teideindustrial.com
Industrias CaforS.a.,cafor@cafor.com
Decordal S.l.,decordal@decordal.com
Mecanizados Manfer S.l.,manfersl@euskalnet.net
N·±ez VigoS.l.,nv@nunezvigo.com
Mecanizats NoguÚS.l.,info@tallersnogue.com
Desarrollos Industriales S.a.,deinsa@deinsa-spain.com
Manguenaje S.l.,manguenaje@manguenaje.com
Medina MilßnS.l.,medinamilan@telefonica.net
Tuercas SagarraS.a.l.,comercial@tuercas-sagarra.com
Teknia Deis S.a.,deis@deissa.com
Manser Instalaciones Y Servicios S.l.,manser@manser.es
InkatorS.a.,comercial@inkator.com
Grupo Cu±adoS.a.,inoxvigo@cunado.com
Decoletajes Mecanizados Y Conjunto S.a.,demeconsa@ari.es
Mecanizados MartÝn S.l.,manuelmartin@mecanizadosmartin.com
Suministros TÚcnicos Del SurS.a.,sts@sts.es
Agrymin ComponentesS.a.,agrymin@agrymin.com
Decoletaje Y Fijacion S.l.,denok@dyfsl.com
Manufacturas Cruce S.a.,manufacturascruce@manufacturascruce.com
Talleres Mecßnicos GoasS. A.,javier.goas@vodafone.es
GuibemaS.l.,comercial@guibema.com
Devesa Hermanos S.a.,devesa@devesahermanos.es
Maquinaria Industrial Rou S.l.,maquinariarou@maquinariarou.com
EpidorS.a.,galicia@epidor.com
AcimeS.a.,info@acime.com
Diana Mi±ana S.l.,diana-minana@hotmail.com
Percu S.l.,marketing@percusa.com
W³rth Espa±aS.a.,tvigo@wurth.es
Sold 2000 NewS.l.,adminsold@auna.com
Decoletaje TornillerÝa Especial S.a.l.,dinet@euskalnet.net
Mecanitzats Marpu S.l.,marpu@marpu.cat
Talleres EsteveS.a.,francesc.esteve@talleres-esteve.com
Estampaciones JosanS.a.,josan@fer.es
D.v.c. Divalco S.l.,direccion@divalco.es
Transformaciones Metßlicas Marsan S.l.,marsan@marsansl.com
Taller Mecßnico Manuel SilvaS.a.,talleres@silva.es
GaburS.a.,gabursa@terra.es
Dismeteg S.l.,dismeteg@dismeteg.com
MartÝn Crecente S.l.,martincrecente@infonegocio.com
Talleres Y Fundiciones MarteS.a.,martesa@infonegocio.com
Talleres TrisanS.l.,info@tallerestrisan.com
Deckel Maho Gildemeister IbÚrica S.l.,dmg.iberica@gildemeister.com
Mecanizados Mather S.a.l.,mathersl@terra.es
MotoinsaS.a.,motoinsa@motoinsa.net
DiviprecS.a.,diviprec@diviprec.com
Doiki S.coop.,doiki@doiki.es
MatricerÝa Del Sur S.l.,matrisur@telefonica.net
Decolletajes ServiS.a.,servi@decolletajeservi.com
Metalurgica CembranosS.a.,cembranos@metalcembranos.com
Mecanizados Can Coll S.l.,dptotecnico@mcancoll.com
Talleres Maugo S.a.,maugo@maugo.com
W³rth Espa±aS.a.,wurt@wurth.es
Decoletaje GammaSoc. Coop.,gamma.administracion@telefonica.net
Dycuma S.l.,dycuma@terra.es
Maviglas S.a.,maviglas@ono.com
HydroferS.a.,hydrofer@teleline.es
Talleres MedaS.a.,talmeda@teleline.es
Mandrinados De Precisi¾n S.a.,echeba@mandrinados.com
Mayba Sdad. Coop. And.,mayba.sca@teleline.es
DenebgroupS.l.,comercial@denebgrouo.eu
W³rth Espa±aS.a.,tzaragoza@wurth.es
Eluark Lan Indar S.l.,els00000@teleline.es
Maylinch S.a.,maylinch@wanadoo.es
Goialde High SpeedS.l.,jarisaga@goialde.com
Kerb Konus Espa±olaS.a.,kerbkonus@iponet.es
Torno Mecßnica S.a.,email@tornomecanica.com
Maypro S.a.,maypro@maypro.es
MeydecoS.a.,meydeco@meydeco.com
Cu±adoS.a.,inoxgerona@cunado.com
Mecanitzats Qs - Jes·s Fernßndez,emc.sl@terra.es
Mecanizados Bekola S.l.,mbekola@bekola.com
Suministros HomsS.a.,homs@suministroshoms.com
Mani AccesoriosS.l.,export@manisl.com
Mecanizados Emecan S.a.,emecan@emecan.com
Mecanizados Alcalß J.n. S.l.,meca_jn@teleline.es
MicrodeltaS. A.,microdelta@microdelta.org
DisytecS.l.,disytec@disytec.com
Emeretzi S.l.,emeretzi@infonegocio.com
Mecanizados Alen,mecaalen@rutalia.net
Casa MasferrerS.a.,cmventas@casamasferrer.com
Decoletaje ArabaS.a.,mari@decoletajes.com
Torneados De Precisi¾n S.l.,empresa@torneados.com
Mecabur S.l.,mecabur@mecabur.com
ConstructoS.a.,constructosa@terra.es
InibaS. L.,gbarria@iniba.com
Mecanizados Enean S.l.,enean@euskalnet.net
Mecßnica Dap S.l.,mecadap@telefonica.net
BerbegalS.l.,berbegal@berbegal.es
GÝa MatricerÝaS.l.,matriceria@giaet.com
Perficable S.a.,eneko@perficable.com
Mecajesa S.l.,mecajesa@wanadoo.es
FeinmuS.l.,feinmu@feinmu.com
Kit YasuniS.l.,comercial@kit-yasuni.com
Engranajes Miralles,engramir@teleline.es
Mecalema S.l.,mecalema@mecalema.com
Lerrasa Hidra·licaS.a.,lehisa@lehisa.com
Abinca Pneumßtica De SuministrosS.l.,abinca@retemail.es
Talleres Engre S.a.,engresa@engresa.es
Mecamolde S.l.,mecamolde@mecamolde.com
Nacional MotorS.a.,josepreinal@derbi.com
Kokes Koki Technik Espa±aS.a.,comercial@koki-ks.com
Experiencias Optico Mecßnicas S.a.,eomsa@infonegocio.com
Mecßnica Can Bros S.l.,mecanbros@mecanbros.cat
BatzS. Coop. Ltda.,batzscoop@batz.es
Talleres VilamS.l.,info@talleresvilam.es
Mecanizados Escßmez S.l.,escamezsl@teleline.es
La Chanada S.l.,mecanica@lachanada.com
Tubos ReunidosS.a.,inquiri.comercial@tubosreunidos.com
Construcciones Metßlicas Y Mecßnicas JafeS.a.,jafesa@eresmas.com
Escapes Jan S.l.,escapes_jan@hotmail.com
Mecßnica De Gualba S.l.,mecanicadegualba@hotmail.com
HydroferS.a.,hydrofer3@teleline.es
Talleres Metßlicos SanmartÝnS.l.,gruposanmartin@gruposanmartin.com
Esgui San Adrißn S.l.,estampacion@esgui.com
Talleres Ball·s,mecanicadelreg@hotmail.com
Mecanizados AstolaS.l.,astola@astola.net
Troqueles Y Mecanizados S.a.,tromesa@tromesa.com
Instalaci¾n Y Mantenimiento De Maquinaria S.l.,esther.giner@insman.org
Mecßnica Puig S.l.,mecanicapuig@terra.es
Mecanizados AisperS.l.,aisper@teleline.es
Procorme Proyectos Y MecanizadosS.a.,info@procorme.es
Estampaciones Y CaldererÝa S.a.l.,esycal@esycal.com
Mecßnicas Grida S.l.,mecanicasgrida@telefonica.net
Talleres HergulßnS.l.,thergulan@tallereshergulan.com
Talleres CubiaS.l.,tallerescubia@terra.es
Eurofresados Huesca S.l.,eurofresados@terra.es
Mecanic Trom S.l.,mecanictrom@mecanictrom.com
Coopemetal CantabriaSdad. Coop.,coopemetal@coopemetal.com
Bossard SpainS.a.,bossardspain@bossard.com
Eusko S. A.,euskosa@sayma.es
Mecanica Comas S. L.,mecaniquescomas@terra.es
BurnÝker MachiningS.l.,aitor.arakistain@burniker.com
Especialts MouldS.l.,mjbarragan@edstile.es
Talleres Jes·s Alvarez S.a.,eva@talleresjesusalvarez.com
Mecanizados Del Sur S.l.,mecanisur@terra.es
EuskolagerS:l.,iraundi@iraundi.es
Safor Sant QuirzeS.l.,safor@saforstquirze.com
Expand IbÚrica S.l.,expand@wanadoo.es
Mecanitzats Pares S.l.,mecanitzatspares@mecanitzatspares.com
Talleres Mecßnicos AismerS.l.,asimer@mecanizadosasimer.com
Estampaciones LucioS.a.,estampacioneslucio@yahoo.es
Cig³e±ales Sanz S.l.,export@csanz.com
Mecanizados Arpe S.l.,mecanizados@arpesl.com
ArfontS.l.,jmarfont@jmarfont.com
Florencio OliverasS.a.,info@florencio-oliveras.com
FerreterÝa L. Miguel S.l.,f.luismiguelyviryimspl@hotmail.com
Mecanizados GarcÝa Barreiro S.l.,mecanizados@garciabarreiro.com
Mecanizados IriarteS.l.,iriarte@mecanizadosiriarte.com
Cu±adoS.a.,sevilla@cunado.com
Fabricados Electromecßnicos EstÚvez FabÚrez S.l.,fabrez@fabrez.es
Mecanizados S. A.,mecanizados@mecaniza.com
Grupo J. LazpiurS.l.,lazpiur@lazpiur.com
Talleres El PoloS.a.,tallereselpolo@terra.es
Fabrimotor S.l.,fabrimotor@fabrimotor.com
Mecanizados Merco S.a.l.,mecanizados_merco@hotmail.com
IngenierÝa Y Desarrollos De CompositesS.l.,idec@idec.tv
Industrias BscS.a.,bsc@bscindustrias.com
Factor - Fabricantes TornillerÝa S.l.,factor@factorsl.es
Mecanizados Barakaldo S.l.,mecanizadosbarakaldosl@yahoo.es
Mecanitzats ArtisS.a.,artis@m-artis.com
Mecßnica MallabiS.l.,comercial@mallabi.com
Industrias Faj S.a.,fajsa@fajsa.e.telefonica.net
Mecanizados Galindo S.l.,mecanizadosgalindo@ceoecant.es
Varosa De TornillerÝaS.l.,varosa@varosa.net
Cu±adoS.a.,algeciras@cunado.com
Fastenex S.l.,fastenex@fastenex.com
Mecanizados Mein S.l.,mecanizadosmein@mecanizadosmein.com
Fasteners Distribuci¾nS.l.,fastener@fasteners-dist.com
Mecanizado Cremalleras De Direcci¾nS.l.,mcd@sea.es
Fayco Fabricaci¾n Y Comercio S.l.,faycorobledano@telefonica.net
Mecanizados Olmos S.l.,mecanizadosolmos@mecanizadosolmos.es
CraelS.l.,crael@arrakis.es
Talleres MaizteguiS.l.,talleresmaiztegui@talleresmaiztegui.com
Fabricaci¾n Y Mantenimiento S.a.,faymasa@faymasa.com
Mecanizados Reunidos Castellar S.l.,mecanizadosrdos@hotmail.com
W³rth Espa±aS.a.,tsevilla@wurth.es
Mecanizados Torres Y Mu±ozS.l.,tallermeca@ctv.es
Industria Auxiliar Eolica S.l.,fbarrao@indae.es
Mecano PenedÚs S.l.,mecano@mecanopenedes.com
FerreterÝa Y Suministros Industriales OndizS.a.,marketing@ondiz.com
Soler I Verges TallersS.l.,info@soleriverges.com
Industrial Mec S.a.,fcardiel@ind-mecsa.es
Mecano Work S.l.,mecanowork@mecanowork.net
Grupo DexxarS.l.,info@grupodexxar.es
RobemackS.l.,robemack@robemack.es
Decolletajes Y Mecanizados Fecam S.a.,fecam@fecamsa.com
Mecanizados De Cantabria S.l.,mecansa@mecansa.com
EmbyrepS.l.,embyrep@infonegocio.com
Transmecßnica JaiS.l.,transmecanica@transmecanica.com
Matiena Fepa S.l.,fepa@matienafepa.com
Metcanitzats J. Ventura S.l.,mecan-ventura@terra.es
Chaves BilbaoS.a.,info@chavesbao.com
Construcciones Mecßnicas RafalS.l.,admon@mecarafal.com
Talleres Fergar 2000 S.l.,fergar@fergar.com
Talleres Mecaprec S.l.,mecaprec@mecaprec.com
Suministros HomsS.a.,vic@suministroshoms.com
Talleres LlaranesS.a.,talleresllaranes@talleresllaranes.es
FerreterÝa Anserjo S.a.,ferreteriaanserjo@arrakis.es
M.p. Mecßnica Precisi¾n S.l.,mecapres@mecapres.com
Suministros BpcS.l.,bpc@suministrosbpc.com
GalaferS.l.,galafer@galafer.com
Mecanizados Fervi S.l.,fervi@fervi.net
Mecanizados Mecar S.l.,mecar@mecarsl.com
Aportaciones EspecialesS.a.,jfparra@aportaciones-especiales.com
Compa±Ýa Aragonesa Industrial Import ExportS.a.,caimesa@iservicesmail.com
Fervi Decoletaje S.l.,fervidecoletaje@gmail.com
Mecarizti S.a.l.,mecarizti@mecarizti.euskalnet.net
TransdieselS.l.,transdiesel@casli.es
Mecanizados CardielS.l.,mcardiel@mcardiel.com
Fabricaciones ElÚctricas Y Mecßnicas S. L,feym@feymsl.com
Mecanitzats J Sillero S.l.,mecasillero@terra.es
Roda Industria IbÚricaS.a.,ventasvigo@rodaindustria.com
Antonio Murcia MorenoS.l.,contacto@antoniomurciamoreno.com
Fidhersa,fidhersa@fidhersa.com
Mecatecnic S.l.,mecatecnic@mecatecnic.es
Cu±adoS.a.,tarragona@cunado.com
Hierros MateguiS.a.,mategui@nauta.es
Maquinaria Fimset S.l.,fimset@infonegocio.com
Meca-metal S.l. - Mecauxin,mecauxin@yahoo.es
Suministros ImdicaS.l.,comercial@imdica.es
CeloS.a.,celo@celo.com
Talleres Floper S.a.,floper@floper.es
Mecavall 2000 S.l.,mecavall2000@telefonica.net
Talleres Mecßnicos PlatasS.l.,sara@mecanicosplatas.com
Metal·rgica RosS.a.,rostubos@rostubos.com
Fluidos Y Mecßnicas Cantabria S.l.,flymca@flymca.com
Mecanizados Vasan S.l.,mecavasan@yahoo.es
Tec ContainerS.a.,comercial@teccontainer.com
MetarrÝoS.l.,metarrio@fer.es
TecnologÝa Mecßnica Innovaci¾n S.a.,fmarron@tmisa.com
Mecßnicas Vicente S.l.,mecavin@ifr.es
Talleres PibabS.a.,pibab@gazc.es
Talleres Pasahi ValladolidS.l.,pasahi@pasahi.com
Forfle S.a.,forflesa@forflesa.com
Mecßnica D.a.p. S.l.,mecedap@telefonica.net
Precicast BilbaoS.a.,comercial@pcb.es
CymS.a.,cymsa@sspeain.com
Forgra S.l.,forgra@forgra.com
Mecanizados Gurrutxaga S.l.,mecgurrutxaga@terra.es
Suministros Industriales MiorS.l.,miorsl@miorsl.e.telefonica.net
Airbus Espa±aS.l.,comunication.ae@airbus.com
Forma1 S.l.,forma1sl@hotmail.com
Mecanizados J.m.e. S.l.,mecjme@telepolis.com
ImecalS.a.,imecal@auna.com
Antonio Garvi Belmonte,talleresgarvi@terra.es
Mecßnica J. Parente S.l.,fparente@mjparente.com
Mecman Industrial S.l.,mecman@mecman.es
Construccions Mecaniques EscodaS.a.,escoda@escoda.eu
Talleres Mecßnicos TauS.l.,tallerestau@tallerestau.com
Talleres Y Montajes AvilÚs S.a.,francisco@noguerasa.es
Mecanizados Mef S.l.,mecmef@mecanizadomef.e.telefonica.net
HidrohenaresS.l.,hidrohenares@hidrohenares.com
DojuS.a.,comercial@dojusa.com
Frexboc S.l.,frexboc@frexboc.com
Mecanizados Ochoa S.l.,mecochoa@terra.es
ConstrucmecamS.a.,construcmecam@hotmail.com
Talleres Mecßnicos ArroyoS.l.,tmecarroyo@telefonica.net
Kern-liebers Resortes S.a.,fritz.welz@kern-liebers.es
Mecontrol S.l.,mecontrol@mecontrol.com
GalvanizadosS.a.,administracion@gsa.es
Construcciones Mecßnicas EndakiS.l.,info@endaki.com
Industrias Gair S.l.,gair@euskalnet.net
Construcciones Mecßnicas Mecoval S.l.,mecoval@mecoval.com
Mecanizados BallesterosS.l.,joancarles@mecanizadosballesteros.es
Suministres Industrials D┤osona EstamS.l.,estamsl@telefonica.net
GallemÝ S.l.,gallemi@gallemi.com
Mecanizados Y Oxicortes S.l.,mecoxi@teleline.es
Componentes Europeos Moto-autoS.l.,export@clm.es
TorgeS.a.,torge@telefonica.net
Galvamarbis S.l.,galvamarbis@telefonica.net
Mecanizados De Galicia Sal,megasal@megasal.net
Garma MecßnicaS.l.,garma@garma.net
Engranajes GrindelS.a.l.,export@egrindel.com
Duro Felguera S.a.,gema.santos@durofelguera.com
Mecßnica General De Utillaje S.l.,megeu@megeu.es
DacametalS.l.,dacametal@dacametal.net
Manufacturas Phillips ScrewS.a.,info@mafisa.com
Mecanizados R2g S.l.,gema@mecanizadosr2g.es
Mecanizados Industriales Del Besaya S.l.,meibe@yconos.com
Suministros GarcapS.l.,garcap@garcap.com
Industrias YukS.a.,yuk@yuk.es
Industrial Blansol S.a.,general@barbi.es
Meitor S.l.,meitorbcn@terra.es
W³rth Espa±aS.a.,t.baleares@wurth.es
Comel AndalucÝaS.a.,andalucia@comel.org
Ensinger S.a.,general@ensinger-plastics.com
Mekifasa,mekifasa@mekifasa.com
Burni MecanizadosS.a.,comercial@glual.es
Grupo Comercial GarcÝaS.a.,info@comercialgarcia.es
Industrias Decoletaje De Berriz S.l.,general@indecober.com
Mekindu S.a.l.,mekindu@mekindu.com
Mecanizados Industriales FerS.a.,mecanizadosfer@terra.es
EpidorS.a.,epidor@epidor.com
Mecanizados De Calidad S.a.,general@mecalsa.com
Talleres Memirsa S.l.,memirsa@terra.es
Ekintza LantegÝaS.a.,ekintza@telefonica.net
Comel Catalu±aS.a.,catalunya@comel.org
Talleres Mecßnicos Mur·a S.l.,gerencia@tmurua.com
Metal·rgicas Loeches S.l.,metal_loeches@yahoo.es
Mecanizaciones Del Sur MecasurS.a.,mecasur@cieautomotive.com
Euro Bearings SpainS.l.,compras@eurobearings.net
Plßsticos Nou-tac S.l.,gestion@nou-tac.com
MetalisterÝa Mecrimar S.l.,metalisteria@mecrimar.com
Ocampo Y VazquezS.l.,pedidos@ocampoyvazquez.com
EpidorS.a.,zaragoza@epidor.com
Gispert Goutan Tecnologia S.l.,gigotec@gigotec.net
Metallum S.a.,metallum@metallum.net
Industrias UrcelayS.a.,urcelay@infonegocio.com
Industrias ServaS.a.,product@glaserserva.com
Gil-bo S.a.,gil-bo@gil-bo.com
Metalnik S.l.,metalnik@telefonica.net
Mecanizados Mesas Y RiballoS.l.,mecanizados@mesasyriballo.com
MuprosystemS.l.,info@muepro.es
Gildicar S.a.,gildicar@gildicar.com
Metal·rgica Busquet S.l.,metbusquet@metbusquet.com
Arcelor Distribuci¾n NorteS.l.,adiberia@grupovelasco.com
Bispol Espa±aS.l,bispolespana@telefonica.net
Mecanizaciones Goerna S.l.,goerna@goerna.com
Metecor S.l.,metecor@metecor.com
W³rth Espa±aS.a.,tlaspalmas@wurth.es
W³rth Espa±aS.a.,tmalaga@wurth.es
Gomaflex S.l.,gomaflexsl@hotmail.com
Metraltec S.l.,metraltec@metraltec.com
GriferÝa SantamarÝa RoviraS.a.,info@griferiarovira.com
Terminales Hidrßulicos SalpeS.l.,thsalpe@thsalpe.com
Maquinados Y Montajes S.a.,goretti@mymontajes.com
Mecanizados Y Troquelados Del Bes¾s S.a.l.,metrobesergio@gmail.com
Uch Utillaje Y MatricerÝaS.l.,uch@uchmatriceria.com
HispanoxS.a.,hispanox@hispanox.com
Implenet S.l.,gradocero@gradocero.net
Mecanizados Eulogio Pe±a S.l.,meupe@meupe.com
Ct Ingenieros Aerona·ticos De Automoci¾n E IndustrialesS.l.,info@grupoct.es
W³rth Espa±aS.a.,tbilbao@wurth.es
Talleres Gralos S.l.,gralos@public.ibercaja.es
Meyfre S.l.,meyfre@telefonica.net
Federal-mogul Aftermarket Espa±aS.a.,david_zapata@eu.fmo.com
Fundiciones G¾mezS.a.,fundiciongomez@terra.es
Thyssen Ros Casares S.a.,grosgarcia@thyssenros.com
Meyusa S.a.,meyusa@terra.es
CicarS.a.,cicar@cicar.es
Sfs Intec Espa±aS.a.,es.mostoles@sfsintec.biz
Mecanizats Guiba S.l.,guiba@wanadoo.es
Mecanizados Francisco Catalß S.l.,mfcatala@mfcatala.com
Hermanos GallegoS.l.,marisa@hermanosgallego.e.telefonica.net
EuroutilS.a.,comercial@euroutil.es
Febersa Industrial S.a.,guillermoherraiz@febersa.com
Mecanitzats Ferrans S.l.,mferrans@gmail.com
Mecanizados BukatuSdad. Coop.,bukatu@bukatu.es
Cohimar Hidrßulica-neumßticaS.l.,comercial@cohimar.com
Muelles Gumeya,gumeya@hotmail.com
Mecanizados Ferga S.l.,mftorrent@mecanizadosferga.com
Talleres Mecßnicos BagalS.l.,t.bagal@euskalnet.net
Fretor NoaÝnS.a.l.,fretor@telepolis.com
Centro Industrial De Grandes Mecanizados S.a.,gurutzpe@gurutzpe.com
Mecanizados GinÚs S.a.,mgines@mgines.es
Manufacturas CalvoS.a.,info@mancalvo.com
IraunkorS.a.,amaia@iraunkor.com
Harpu Sccl,harpusccl@hotmail.com
Mecßnicas Ginfer S.l.,mginfer@teleline.es
Gesti¾n De Materiales Y ProyectosS.a.,gmapsa@gmapsa.es
Industrias De Precisi¾nS.a.l.,industria@indupresa.com
Mecanizados Harri S.l.,harri@harri.es
Herboso Caucho Metal S.l.,mherboso@herbosocm.com
AjubitaS.a.,comercial@ajubita.com
Mecßnica EgarenseS.a.,tarragona@mecesa.com
Mecanizados Aranda S.l.,hector.elena@mecanizadosaranda.com
Microdecoletatge I Mecanitzat S.l.,micromec@micromec-sl.com
Industrial AndreuS.l.,info@industrialandreu.com
TÚcnicas Exclusivas IndustrialesS.a.,tecein@tecein.es
Herdit S.l.,herdit@herdit.com
Micrometre Tallers S.l.,micrometre_tallers@yahoo.es
Plasma Y Oxicortes TiradoS.l.l.,plasma_oxicortes_tirado@yahoo.es
Alyco ToolsS.a.,alyco@alycotools.com
Herlayca S.l.,herlayca@herlayca.com
Utillajes Laucri S.l.,miguel.laucri@hotmail.com
Mecanitzats De Precisio C.m.r.S.l.,mecanizadoscmr@mecanizadoscmr.com
SimgiS.l.,SIMGISL@simgisl.com
Industrias Hernio S.a.,hernio@hernio.com
Mipesa Mecanizados S.l.,mipesa@mipesa.es
Mecanizados CopS.l.,comercial@mecanizadoscopsl.es
Mecanizados Del NoroesteS.a.,oficinatecnica@mecanor.es
Hierros Igui±iz S.l.,hierrosiguiniz@hierrosiguiniz.com
TÚcnicas Mecßnicas El Valleg¾n S.l.,miriam@mecanicaselvallegon.com
Talleres De Mecanizaci¾n Y CaldererÝaS.l.,info@mecalbd.com
ConstruquimeS.l.,info@construquime.com
Hospitalet Mecßnica De Precisi¾n S.l.,hmecanica@mixmail.com
Mispalis De Suministros S.l.,mispalis@mispalis.com
Conformados MetßlicosS.a.,administracion@conformetal.com
Gesipa FijacionesS.a.,informacion@gesipa.es
Talleres Mecßnicos Gogor S.l.,i.aizpurua@euskalnet.net
Talleres Mecßnicos Agga S.a.,mjgm@euskalnet.net
Mecanizados MorenoS.a.,mecmosa@wanadoo.es
Talleres PemaS:a:,lmozo@grinpax.com
Ibaiker Mekanizatuak S.l.l.,ibaiker@ibercom.com
Mecanizados Marce S.l.,mmarce@infonegocio.com
Dimeco TÚcnicas IndustrialesS.l.,comercial@dimecoti.com
EpidorS.a.,sevilla@epidor.com
Industrias Electromecßnicas Fernßndez S.l.,iefsl@iefsl.com
Mecanizados Navas S.l.,mnavas@gda.es
FluitecnikS.a.,comercial@fluitecnik.com
Mecanizados Bravo BippusS.l.,jschmutz@bravobippus.com
Iesal S.a.l.,iesal1@iesal.com
Modelos Ategorri S.l.,modelosategorri@modelos-ategorri.es
CardyfrenS.l.,cardyfren@cardyfren.es
EpidorS. A.,donostia@epidor.com
Industrial Metal·rgica Calatayud S.a.,imcsa@imcsa.es
Rectificadora Molar Salleras S.l.,molar@girona.com
Fegemu ToolsS.a.,info.fegemu@fegemu.es
N·±ez Coru±aS.l.,nunez@nunezcoruna.com
Imesaza S.l.,imesaza@imesaza.es
Molpremat S.a.,molpremat@telefonica.net
Industrial Importadora BigarrenS.l.,info@bigarrensl.com
Talleres LomincharS.l.,contactar@lominchar.com
Imiq S.l.,imiq@imiq.com
Montex S.c.c.l.,montex@montex.es
Talleres Gonzßlez ReinaS. L.,mcarmen@tgonzalezreina.com
Mecßnica EgarenseS.a.,andalucia@mecesa.com
Industrias Metßlicas De Pinturas Especiales Valencia S.l.,impeva@empresas.aimme.es
Aceros Morales S.l.,moralsa@moralsa.com
TornemurS.l.,tornemursl@hotmail.com
AdimpoS.a.,adimpo@adimpo.net
Mecanizados Inaher S:l.,inaher@inaher.com
Mecanizados Rubio S.l.,mrubio@mecanizadosrubio.com
Sebastißn IrigarayS.l.,admon@sirigaray.com
SercomacS.a.,administracion@sercomac.es
Mecanizados Inamar S.l.,inamarsl@wanadoo.es
Mecanizados Asua S.l.,ms.azua@euskalnet.net
Industrias PitkoS.a.,pitko@pitko.es
Tecniques D'estampaci¾ I Emboticio De MatallsS.a.,tesem@tesem.com
Mecanizados De Precisi¾n Oscar S.l.u.,iname@jet.es
Mecanizados San JosÚ Parejo S.l.,msjcalidad@yahoo.es
Tornillera AragonesaS.a.,tornillera@tornilera.com
TazS.a.,luistaz@tazsa.com
Industrias Auxiliar Mecßnica S.a.,inamesa@sea.es
FonerÝa Gambari S.l.,msp@mspvalles.com
Industrias TÚcnicas De ValvulerÝaS.a.,fbarrantes@inteva.es
Talleres LeibiS.a.,leibi@leibi.com
Industrias Algova S.l.,indalgova@terra.es
Mecanitzats Tosa S.l.,mtosa@metosa.e.telefonica.net
UtimecS.l.,utimec@terra.es
Nmf EuropaS.a.,amaya.lacruz@aeromac.es
Industrias Araba S.l.,indaraba@indaraba.es
Talleres Multitorn S.l.,multitorn@multitorn.com
TÚcnicas ThcaS.l.,tecnicas@thca.es
Juntas Industriales Y NavalesS.l.,info@juntasindustriales.com
Indechapa S.a.,indechapa@wanadoo.es
Torneados Muruaga C.b.,muruaga60@hotmail.com
Teknia Manufacturing GroupS.l.,teknia@teknia.es
Industrias L¾pez Y EstebanS.a.,administracion@inloyes.com
Industrias Decoletaje Indega S.l.,indega@terra.es
MartÝnez Vanaclocha S.l.,mvanaclocha@mvanaclocha.com
DismanS.l.,disman@dismanvalencia.com
TorniplasaS.a.l.,torniplasa@torniplasasal.com
Industrial Entenza S.a.,industrialentenza@industrialentenza.com
Mecßnicas De Precisi¾n M.v.m. S.l.,mvmsl@infonegocio.com
Cardona TarrÚs JosÚ-moriscot Riera LuisC.b.,ralcudia@mocacd.com
FibertecnicS.a.u.,nvaldes@fibertecnic.es
Industrias Salmantinas Evo S.l.,industriasevo@terra.es
Mecßnica Y Asimilados Sßnchez Arana S.l.,myasa@myasasl.com
JoyfeS.l.,joyfe@joyfesl.com
Caparo Atlas Espa±aS.a.,md@caparoatlasespana.es
TÚcnicas Industriales Serra S.a.,info.madrid@teinser.com
Mecanizados Y Troquelados Zafra S.l.,mzafra@terra.es
Garvi IndustrialS.a.,garvi@garvi.com
Industrias UsotorS.a.,info@usotor.com
Abaco Suytec S.a.,info@abacosuytec.com
Nacher Mecanizados S.l.,nachermeca@ctv.es
EpidorS.a.,asturias@epidor.com
Anastasio MendicuteS.a.,comercial@mendicute.com
Albaida Mßquinas S.l.,info@albaidamaquinas.com
Mecanizados Del VallÚs S.l.,neva@mecanizadosdelvalles.com
Panel Fijaci¾nS.coop.,info@panelfisa.com
Sinerges TÚcnicas De MontajesS.a.,sinerges@sinerges.com
Alosnub-assembler S.l.,info@alosnub.com
Nopatra S.a.,nopatra@nopatra.com
InoxlaserS.a.,inoxlaser@inoxlaser.com
GriferÝas MaierS.l.,maier@griferiasmaier.com
Mecanizados Y Montajes Arain S.a.l.,info@arainsal.com
Mecanizados Novak S.l.,novak@menovak.com
Roscas Y TornillosS.l.,comercial@roscator.com
Tornilleria OruesagastiS.a.,torniorue@oruesagasti.com
Arside Construcciones Mecßnicas S.a.,info@arsidecm.com
Toanbis S.l.,ntgonzalezg@hotmail.com
Remaches DamaS.a.,remaches@remachesdama.com
Manufacturas EmabiS.a.,info@emabi.com
Mecanizados Alag¾n S.l.,976610628@telefonica.net
Artegar S.a.,info@artegar.com
Numator S.a.l.,numator@numator.e.telefonica.net
Hispanoamerican BrokersS.l.,direccion@hispanoamerican.com
Accesorios FerromadS.l.,comercial@ferromad.com
Teknia Indeco S.a.,a.ayo@indeco.es
Auxin S.l.,info@auxin.com
Industries Mecaniques Nyap S.a.,nyap@indnyap.com
W³rth Espa±aS.a.,tvalencia@wurth.es
Industrias LeinS.l.,indaux@indaux.com
Acerlite S.a.,acerlite@euskalnet.net
Auxiliar De TroquelerÝa S.a.,info@auxtrol.com
Construbßn S.l.,oficina@construban.com
TornillerÝa Del Bes¾sS.a.,torbesa@inoxidables.com
TÚcnicas ExpansivasS.l.,luisplou@grupoindex.biz
Lcn Automotive Equipment S.a.,adelrosal@lcn.es
Axilone Metal S.a.,info@axilone-metal.com
Fabricaci¾n Espa±ola Agroindustrial S.a.,oficinatecnica@faesa.net
Galvanizaciones CastellanaS.a.,Galvanizac_castellana@gestamp.com
Industrias TeysaS.a.,jctejero@industriasteysa.com
Adinox S.l.,adinox@comunired.com
CaldererÝa Medina S.l.,info@caldereriamedina.es
Mecanizados Ballesteros S.l.,oficinatecnica@mecanizadosballesteros.es
InmemaS.a.,inmema@inmemasa.com
ToalbaS.a.,toalba@toalba.com
Consur S.a.,adm@consur.es
CarpinterÝa Montero S.l.,info@carpinteriamontero.com
Oxicortes De Gallarta S.l.,oficinatecnica@oxicortesgallarta.com
JovimetalS.l.,jovisa@jovisa.es
Comercial Electro-industrialS.a.,centro@comel.org
Talleres Mecßnicos Paramio S.l.,admin@tmparamio.com
Cgr Europa S.l.,info@cgreuropa.com
Tari Mecanizados S.l.,ofitecnica@tarimecanizados.com
Construcciones Metßlicas FonherS.a.,comercial@fonher.com
Taller CaritgS.l.,info@tallercaritg.com
Torfa S.a.,admin@torfa.com
Construcciones Mecßnicas Urue±a S.a.,info@cm-uruena.com
Suc. De Olabarri S.l.,olabarri@clientes.euskaltel.es
Skf Productos IndustrialesS.a.,prod.ind@skf.com
IsofixS.l.,isofix@isofix.es
Mecßnica J Valero S.a.,administracio@mjvalero.com
Comcinox Technology S.a.,info@comcinox.com
Ordelan S.l.,ordelan@yahoo.es
Portamatrices NormaS.a.,cyem@cyem.net
Mecanitzats Ninou,jninou@mecaninou.com
Arraba S.l.,administracion@arraba.net
Comercial Mor S.a.,info@comorsa.es
Osemar S.l.,osemar@eresmas.com
Rodelem EuropeS.l.,comercial@rodelem.com
N.s.v.S.l.,nsv@nsv.es
Camesol S.c. Andaluza,administracion@camesol.e.telefonica.net
Decoletaje Industrial Kamer S.a.,info@dikamer.com
Depresa S.a.,oses@depresa.com
Mitjavila Industrial 1987S.l.,calidad@mitjavilasl.com
Tuercas 2000S.a.l.,tuercas2000@infonegocio.com
Demetal S.l.,administracion@demetal.es
E.m. Decolletaje S.a.,info@em-decolletage.com
Mecanizados Ferryfer S.l.,otecnica@ferryfer.com
Mecßnica EgarenseS.a.,madrid@mecesa.com
Racores Y Arandelas CondalS.a.,info@racondal.com
Mecanizados Y Montajes Galindo Ii S.l.,administracion@galindosl.es
Engranajes Ebro S.c.lda.,info@engranajesebro.com
Oxima S.a.,oximasa@retemail.es
Fundici¾n Nodular Del NorteS.a.,fnodular@fundicionnodulardelnorte.com
TurinoxS.a.,turinox@inoxidables.com
Industrias Meri S.l.,administracion@industriasmeri.com
Extrude Hone Spain S.l.,info@extrudehone.es
Percinsa S.l.,percinsa@percinsa.com
Rodamientos Lineales Tecnol¾gicosS.l.l.,rolitec@rolitec.es
Euro SpyrS.l.,eurospyr@infonegocio.com
Prym Inovan IbÚrica S.l.,administracion@inovan.es
Talleres Farra·s S.l.,info@farraus.com
Pescaira S.l.,pescaira@pescaira.com
Elfe PenedesS.a.,martin@elfe.es
EpidorS.a.,valencia@epidor.com
Joarjo S.l.,administracion@joarjo.com
Femca Turned Parts S.l.,info@femcaturnedparts.com
Plßsticos Herramientas Y Metales S.a.,phemsa@yahoo.es
Cordoba IndustrialS.a.,compras@cordobaindustrial.com
Manufacturas D M PS.a.l.,mfrasdmp@manufacturasdmp.com
Jopemar S.a.l.,administracion@jopemar.com
Fabricados Industriales Aragoneses S.l.,info@fiasaragon.com
Myfhe S.a.,pinzbohr@teleline.es
Talleres Electromecanicos GorrizS.a.,sales@saisa.es
BollhoffS.a.,info_es@bollhoff.com
Mecanizados Y Montajes Aerona·ticos S.a.,administracion@mecanizadosymontajes.com
Haizelur S.a.,info@haizelur.com
Pineda Ortega Suministros Industriales S.l.,piorsa@arrakis.es
ComposystemS.a.,composyst@composystem.com
Alditor Fijaciones S.a.l.,ventas@alditor.com
Mecanizados Troqueles Y Reparaciones S.a.,administracion@metresa.com
AlmacÚn De Hierros Losada S.l.,info@hierroslosada.com
Pol S.a.,pol@polsa.com
Mecanizados Universales De Elementos NormalizadosS.l.,muden@telefonica.net
IntorS.a.,d.tecnico@intor.com
Industrias Meypu S.l.,administracion@meypu.com
Ibor Mechanical Tecnologies S.l.,info@ibor-mt.com
Portumetal S.l.,portumetal@portumetal.com
Equitrans 96S.l.,fernandoperez@equitrans96.net
Asociaci¾n De Fabricantes Y Exportadores De ArtÝculos De FerreterÝa De Catalu±a,asefec@asefec.com
Enginering Polydrop S.a.,administracion@polydrop.com
Industrias De La Fusta Vilß S.l.,info@ifvila.com
Indefunsa S.a.l.,post@indefunsa.com
Systems And Manufacturing SpainS.a.,carrion@sams.es
Ringspann IbÚricaS.a.,jose.santander@ringspann.es
Proocad S.a.,administracion@proocad.es
Inmepre S.a.,info@inmepre.com
Industrias Preciber S.a.,preciber@preciber.com
Industrias Teixid¾S.a.,iteixido@iteixido.es
M.m. IbÚricaS.a.,mm@mmiberica.com
Tadi S.a.,administracion@tadisa.net
Industria De TornillerÝa Estampada S.a.,info@intornesa.com
Precimecan S.l.,precimecan@precimecan.com
Simes SencoS.a.,simes@simes.es
TranscadeS.l.,transcade@terra.es
Talleres Vicedo S.l.,administracion@talleresvicedo.com
Forjas De Belako S.a.,info@inyectadosbelako.com
Mecanitzats Presmat S.a.,presmat@presmat.es
Grupo CoronaS.a.,gcorona@gcorona.com
Montajes Del CantßbricoS. L.,montajes@grupoflorez.com
Fleivsa S.a.,admon@indviladecans.com
JosÚ MarÝa Mendiola S.a.,info@jmmendiola.com
Presme S.l.,presme@euroguia.es
Cu±adoS.a.,inox@cunado.com
Angel SudupeS.a.,comercial@angelsudupesa.com
Iner S. Coop.,admon@inerscoop.com
Josmat S.a.,info@josmat.es
Mecanizados Valls S.l.,produccion@mecanizadosvalls.com
Talleres ElÚctromecßnicos MongeS.l.,gijon@talleresmonge.com
Lafuente Sucesores S.l.,admon@lafuentesucesores.com
Juan Marsol S.l.,info@juanmarsol.com
Quimipol J. Blanch Ferrer S.l.,quimipol@quimipol.com
Kirchhoff Espa±aS.l.,kirchhoff@cepymearagon.es
Mecßnicas MarÝa De Huerva S.l.,admon@mecanicasmariadehuerva.es
Main-metall Espa±ola S.l.,info@main-metall.com
Taller De Tornos Ramar S.l.,ramarsl@telefonica.net
C¾rdoba IndustrialS.a.,inmeco@cordobaindustrial.com
Mecanizados Y Montajes Almi S.l.,admon@mecanizadosalmi.com
Marbarca Matriceros S.l.l.,info@marbarca.com
Mecanitzats Ram¾n Nuri S.l.,ramonnuri@mecanitzats.com
Talleres LÚridaS.a.,lmroman@tallereslerida.com
Mecanizados Sevilla S.l.,admon@mecanizadossevilla.es
MatÝas Pastor Y Hermanos S.l.,info@matiaspastor.com
Verdaguer Salvans S.l.,raulverdaguer@yahoo.es
W³rth Espa±aS.a.,tasturias@wurth.es
Talleres A GarcÝa E Hijos S.l.,agarcia@gruasagarcia.com
Marþal Barrera Fills S.l.,info@mbf.es
Recam LÓser S.l.,recamlaser@recamlaser.com
GarcÝa SantosS.a.,garsan@garsan-sa.com
Mecanizados Aker S.l.,aker@sea.es
Mecanitzats Bosch S.l.u.,info@mecabosch.com
Talleres Reco S.a.,recosusana@talleresreco.com
Cu±adoS.a.,inoxzaragoza@cunado.com
Instal.lacions Roll S.l.,albert@gruproll.net
Mecanizados Industriales Axatianos S.l.,info@mecainaxa.com
Rectificadora Marclarmas S.a.,rectificadora@marclarmas.com
Perfiles NavarraS.a.,info@perfinasa.com
Albont S.a.,albont@albont.com
Mecaniques Taradell S.l.,info@mecaniquestaradell.com
Rectificados Alma S.l.,rectificadosalma@telefonica.net
Inoxidable OricaÝnS.l.,info@inoxidablesoricain.com
Mecanizados Julza S.l.,alumetalsl@terra.es
Mecanitzats Daser S.l.,info@mecanitzatsdaser.com
Rectificados Y Mecanizados S.l.,rectimeca@rectimeca.e.telefonica.net
Subministraments Industrials MirandaS.l.,smiranda@cetib.ictnet.es
Aplicaciones TÚcnicas Del Inoxidable S.l.,amartinez@aplitexsl.com
Mecanizados Alcalß S.l.,info@mecanizados-alcala.com
Retra Integral S.l.,retrasl@teleline.es
Sistemas De Fijaci¾n Tucker,claudio.todaro@bdk.com
Amat Fust S.l.,amat@amatfust.com
Axpe Mecanizados S.l.,info@mecanizadosaxpe.com
Rafael Mßrquez Moro Y CÝa. S.a.,rmmcia@rmmcia.com
TecnologÝa Industrial GarcÝaS.l.,tecnoincompras@telefonica.net
Mßquina Center S.a.,aminguell@maqcenter.es
Mecanizados Cas S.a.,info@mecanizadoscas.com
Roanba S.a.,roanba@jazzfree.com
Ferreteros De AlicanteS.coop. Valenciana Ltda.,cofedal@cofedal.coop
Mecanizados Y Construcci¾n De Maquinaria Ango S.l.,ango@angosl.com
Mecanizados Garmendiola S.l.,info@mecanizadosgarmendiola.com
Polimoon S.a.u.,roselyne.chane@polimoon.com
TornillerÝa Y DerivadosS.l.,toyde_admin@terra.es
Almacenes Tamarßn S.l.,ani@atamaran.com
Mecanizados Garrigues S.l.,info@mecanizadosgarrigues.es
Rosmil Industrial S.a.,rosmil@rosmil.com
Fabricaciones Y Montajes MecßnicosS.l.,produccion@faymm.es
Tei Nogal S.l.,ann@teinogal.com
Mecanizados Y Transformaciones L¾pez S.l.,info@mecanizadoslopez.com
Rectificados Tecles S.l.,rtecles@tecles.e.telefonica.net
JupaS.a.,jupasa@jupasa.es
Antobal S.l.,antobal@asime.es
Mecanizados Oliveira S.l.,info@mecanizadosoliveira.com
Industrias Ruymor S.a.,ruymor@ruymor.com
Jarauta E HijosS.l.,fundijarauta@hotmail.com
Metal Performers S.a.,antonio@basopress.com
Mecanizados RodrÝguez Hermanos S.l.,info@mecanizadosrh.es
Metales IbÚrica Aranzadi S.l.,s2g@metalesiberica.com
Good-airS.l.,comercial@goodair.es
Aceros Ims Int. S.a.,aoliveri@ims-group.com
Mecanizados V. Rodriguez S.l.,info@mecanizadosvr.com
PlanchisterÝa Gargui S.a.,salva@gargui.net
Industrias EkaS.a.,industrias@eka.es
Aplicaciones Plegadoras Calandras S.l.,apc@apc.cat
Mecatecno Mecanizats TÞcnics I Cnc S.l.,info@mecatecno.com
Sßnchez Guerra S.l.,sanchezguerrasl@telefonica.net
Talleres Metal·rgicos LupmoS.a.,lupmo@telefonica.net
Aplicaciones TÚcnicas Del Inoxidable S.l.,aplitex@aplitexsl.com
Mecanizados Kamox S.l.,info@meckamox.com
Sapemi Mecanizados S.l.,sapemi@sapemi.es
Martinena TransmisionesS.l.,transmisiones@martinenasl.es
Aran 2000 S.l.,aran2000@aran2000.e.telefonica.net
Mecanitzats Privat S.l.,info@mecprivat.com
Ima1 S.l.,schk@ima1.com
Industrias SeirakS.l.,seirak@telefonica.net
Arasaf Industrial S.l.,arasaf@able.es
Metal Companies Associated S.l.,info@metcoex.com
Mecaniques Segab S. L.,segab@vodafone.es
Talleres Corral MecanizadosS.l.,tallerescorral@tallerescorral.com
Talleres Ardanza S.a.,ardanza@ardanza.com
Microdeco S.a.,info@microdeco.com
Montaje Y Mantenimiento Segabel S.a.l.,segabel@segabel.com
Productos No FÚrricos De MungÝaS.l.,info@cofundi.com
Arilan S.a.,arilan@euskalnet.net
Mondrag¾n Assembly S. Coop.,info@mondragon-assembly.com
Segura Hermanos S.a.,segura@seher.es
Precisi¾ Mecßnica SalmaS.a.,salmasa@teleline.es
Ariza S.a.,ariza@sea.es
Motores EchevarrÝa S.l.,info@motoresechevarria.es
Serveis Integrals Del Maresme S.l.,seinma@seinma.net
Talleres Mecßnicos OntiverosS.a.,tmontiveros@terra.es
Ariznabarreta S.a.,ariznabarreta@ariznabarreta.com
Engranajes Mulet S . L.,info@muletsl.com
Sertu S.a.,sertu@sertu.es
Piezas Y RodajesS.a.,pirsa@group-itm.com
Metal·rgicos Arnal S.a.,arnal@retemail.es
Mupesa Construcciones Mecßnicas S.l.,info@mupesa.com
Suc. De H. J. Vila S.a.,shjv@shjvila.com
ManteneoS.l.,manteneo@manteneo.com
Arpo Decoletaje S.a.,arpo@sefes.es
Norclamp S.l.,info@norclamp.com
Signes Grimalt ArtesanÝa S.a.,signesg@signes-grimalt.com
Grupo Shu CiceroS.l.,mserrano@mserrano.com
Mecanizados Arte S.a.l.,artesal@telefonica.net
PlanxisterÝa Industrial Del VallÚs S.l.,info@planxisteriaindustrial.com
Sisfle S.a.,sisfle@sisfle.com
Construcciones E Instalaciones De Equipos Y Procesos Metal·rgicosS.l.,administracion@epromet.e.telefonica.net
Astavisa S.l.,astavisa@astavisa.es
Plßsticos Cervello S.a.,info@plasticoscervello.com
SoemÝn S.l.,soemin.s.l@terra.es
HergomeS.l.,hergome@hergome.com
Automatizaci¾n TÚcnica E Innovaci¾n Mecßnica S.a.,atimsa@atimsa.com
Plßsticos HumbrÝas S.a.,info@plasticos-humbrias.com
Construccions Mecaniques Olpey S.l.,solpey@sefes.es
Mekanikalßn Mondrag¾nS.l.,info@mekanikalan.com
Industrias Mecßnicas Basilio Sßnchez S.a.,basan@basiliosanchez.com
Polifluor S.l.,info@polifluor.com
Talleres Mecßnicos Somac S.a.,somac@somac.es
Manufacturados GarcÝa IbÚrica De MecanismosS.a.,ibemesa@ibemesa.es
TornerÝa ArtÝstica Batlle S.l.,batlle@artesaniabatlle.com
Portajes Artesanales Nova S.l.,info@portanova.net
Economos Espa±a S.l.,spain@economos.com
Ricardo BrinesS.a.,ricardobrines@ricardobrines.com
Batuak S.a.,batuak@batuak.com
Prosultex S.l..,info@prosultex.com
Sucentro S.a.,sucentro@sucentro.es
Estampaciones BidezßbalS.l.,administracion@felas.eu
Talleres Butjosa,bbutjosa@hotmail.com
Repulsados Casanova S.l.,info@repulsadoscasanova.com
Suplementos De Reglaje Y Mecanizados S.l.,sureyme@sureyme.com
SupresuS.l.,sales@supresu.com
Bcn Transmissions S.l.,bcntransmissions@bcntransmissions.com
Resorts I Molles Barcino S.a.,info@rmbarcino.com
Talleres Auxiliares Barberß S.a.,tabsa@tabsa.es
Roshera S.a.,roshera@roshera.com
BedÝa Y Cabarga S.a.,bediaycabarga@bediaycabarga.com
Rodriser S.l.,info@rodriser.com
Tadelmo S.l.,tadelmo@lasguias.com
Knipping Espa±aS.a.,kesadmon@kesakvt.com
Industrias Betiko S.a.,betiko@industriasbetiko.com
Rofin Baasel Espa±a S.l.,info@rofin-es.com
Talleres Ferragut S.a.,tahfer@tahfer.com
TÚcnicas BisolS.l.,I.sola@tecnicasbisol.com
Industrias Bibey S.l.,bibey@bibey.es
Casals S.a.,info@serralleriacasals.com
Alberdi Y Beitia S.l.,talbe@euskalnet.net
Alcayatas Y TornillerÝasS.a.,altosa@altosa.com
Bitaoni S.l.,bitaoni@telefonica.net
Serrerias RodrÝguez S.l.,info@serreriasrodriguez.com
Talleres Aesa S.a.,talleresaesa@hotmail.com
EpidorS. A.,madrid@epidor.com
Basopress S.a.,borja@basopress.com
Suministros Y Servicios Industriales Servitec S.a.,info@servitecgrup.com
Talleres Arrieta S.a.,talleresarrieta@telefonica.net
ImplementosS.a.,implementos@implementos.com
Bronces Levante S.l.,brolesa@terra.es
Smiter S.l.,info@smitersl.com
Talleres Jes·s Elorza S.l.,tallereselorza@wanadoo.es
Internacional De Productos MetßlicosS.a.,ipm@sea.es
Ca De Paz S.l.,cadepaz@cadepaz.com
Some S.a.,info@some.es
Talleres Mecßnicos Ferriols S. L.,talleres-ferriols@dirac.es
Bartual Repujados MetßlicosS.l.,bartualrepujados@telefonica.net
CaldererÝa De Fuenlabrada S.a.,caldereria@caldefusa.es
Talleres Rogasa S.a.,info@talleresrogasa.com
Talleres Gerco S.l.,talleresgerco@terra.es
Terminales Y RemachesS.a.,comercial@tyrsa.es
Dinalot S.a.,calidad@dinalot.com
Tallers Cortada Vallhonrat S.a.,info@tallerscortada.com
Talleres Ibarre S.l.,talleresibarre@teleline.es
Hierros Y Tubos OlmatS.l.,hierrosytubosolmat1@hotmail.com
Mecßnica Calmet S.l.,calmetsl@telefonica.net
Technotraf S.a.,info@technotraf.com
Talleres J.mateo S.l.,talleresjmateo@hotmail.com
Mecanizados Y HusillosS.l.,meca-husillos@ibercom.com
Fugema S.l.,carlosgarcia@fugema.e.telefonica.net
Tecnomecßnicas Shine S.l.,info@tecnoshine.com
Talleres Luse S.l.,talleresluse@euskalnet.net
R¾tulas Y ArticulacionesS.l.,rotpar@rotpar.com
JosÚ Moncada Andrades S.l.,carpinteria@grupomoncada.com
Tecno Talde S.a.,info@tecno-talde.com
Talleres Mu±oz Saz S.a.,talleresmunoz@telefonica.net
Mecßnica EgarenseS. A.,mecesa@mecesa.com
RodrÝguez Fernßndez S.l.,carpinteriarf@yahoo.es
TÚcnicas Industriales Serra S.a.,info@teinser.com
Pedro PÚrez S.l.,tallerespedroperezsl@wanado.es
OtabarriS.l.,otabarri@terra.es
CarpinterÝa Miguel Oliva,carpooliva@terra.es
TornillerÝa Y Derivados Metßlicos S.a.,info@tormetal.com
Talleres QuintÝn S.a.,talleresquintin@talleresquintin.com
Procedimientos De Construcci¾n Moderna S.a.,comercial@procomsa.com
Catalana De Soldadura Y Mecanizados S.a.,catalana@welding-alloys.com
Construccions Mecaniques Vidal S.l.,info@vvr.es
Talleres Rus S.a.,talleresrus@terra.es
AgropiezasS.l.,agropiezas@agropiezas.com
Cepasol S.l.,cepasol@gmail.com
Talleres Zame S.c.l.,info@zame.es
Talleres Mecßnicos Vulcano S.l.,talleresvulcano@infonegocio.com
Cu±adoS.a.,bilbao@cotusa.com
Cermecal S.l.,cermecal@telefonica.net
Tecniventas Safer S.l.,informacion@tecsafer.com
Talleres Zapirain S.l.,tallereszapirain@euskalnet.net
TelebricolageS.l.,informacion@telebricolage.es
Castellanos Y EchevarrÝa Vitoria S.a.,cevisa@sea.es
Industria De Manipulados Plßsticos S.l.,inmaplas@inmaplas.es
Tamepa S.a.,tamepa@tamepasa.com
ImaviS.a.,imavi@imavi.com
Cimasan S.l.,cimasansl@yahoo.es
Industrias Mecßnicas De Tudela S.a.,inmetusa@inmetusa.es
Tamepel S.l.,tamepel@terra.es
Construcciones Metßlicas DelgadoS.l.,consmet.delgado@terra.es
Mecanizados Y Troquelados AizoaÝn S.a.,ciriza@metransa.info
Industrias Y Mecanizaciones Micro S.a.,inmicrosa@fade.es
Talleres Mecßnicos Sanz S.a.,tamesanz@terra.es
Talleres PerlaS.l.,talleresperla@talleresperla.com
Clariana Mecanics S.l.,clamec@clarianamecanics.com
Talleres Inteca S.l.,inteca@ctv.es
Tanuje S.l.,tanuje@telefonica.net
Bigmat TevisaS.a.,tevisa@bigmat.es
CaldererÝas Llanera S.l.,cllanera@teleline.es
Iracheta S.l.,iracheta@sct.ictnet.es
Taun S.a.,taunsa02@terra.es
EpidorS.a.,bilbao@epidor.com
Construccions Mecßniques Escale S.l.,cmescale@cmescale.com
Industrial De TÚcnica Y Precisi¾n S.a.,itpsa@itp-sa.com
Tax Sdad. Coop.,taxscoop@taxscoop.com
Reparaciones Y MecanizadosS.a.,reymesa@reymesa.info
Mecanizaciones Y Fabricaciones S.a.,cogollor@mefasa.com
New Machine C.s.l.,j.molar@nm-cnc.com
TÚcnicas Del Tubo Beitia S.l.,tbeitiasl@tbeitiasl.com
Industrias BeguS.a.,begu@gruporecyde.com
Cohes Industrias S.l.,cohes@cohes.com
Economos Espa±a S.l.,j.rouco@economos.com
Talleres Bosado S.a.,tbosado@bosado.com
Mecanizados EscribanoS.l.,info@escribano.aero
Baldomero Ventura S.l.,comercia2@bventura.com
Kuzu S.l.,j.vicuna@kuzu.es
Tecmon Ferroviaria S.l.l.,tecmon@tecmonf.com
GrindelS.a.,comercial@egrindel.com
Talleres Arreche S.a.,comercial@arreche.es
Jae IngenierÝa Y Desarrollos S.l.,jae@jae.es
Tecniprec S.l.,tecniprec@tecniprec.es
InyectometalS.a.,info@inyectometal.com
Leandro Callaba S.l.,comercial@callaba.com
TornillerÝa Amezua S.a.,jamezua@tornilleria-amezua.com
TecnologÝa Del Corte S.l.,tecnocorte@tecnocorte.es
┴lvarez Blanco TornillerÝaS.l.,info@abtsl.com
Central De Compras Y Servicios Profesionales S.a.,comercial@cecofersa.com
Jant S.a.,jantsa@jantsa.net
Oxicorte Y Guillotina Arilla S.a.,tecnolaser@oxicortearilla.com
MatribagesS.l.,comercial@matribages.com
Construcciones Mecßnicas Croli S.a.,comercial@cmcroli.com
Mecanizaciones Industriales Jar S.l.,jar@cepymenet.net
Servicios Tecno Pilot S.l.,tecnopilot@tecno-pilot.com
Mecanizados BusquiS.l.,basex@cecot.es
Decoletados Y Mecanizados S.a.,comercial@decomesa.com
Mecanizados Jaser S.l.,jaser@mecanizadosjaser.com
Teyme S.a.,teyme@teyme.com
DifastS.l.,difast@difast.com
Fundiciones Deportivas Sahag·n S.l.,comercial@fundesa.es
Jaume Busquet S.c.p.,jaumebusquet@terra.es
Talleres Mecßnicos Comas S.a.,tmc@tmcomas.com
Talleres AlmerÝaS.a.,atencionclientes@talleres-almeria.com
Suministros Fresados Y Grabados S.l.,comercial@grabysur.es
Rectificados Delval S.a.,javier@rdelval.com
Toelma Del VallÚs S.l.,toelma@toelma.com
Mecanizados TekoS.l.,teko@grupoteko.com
Hastinik S.a.,comercial@grupohastinik.com
J. Bono Mecßnica Industrial,jbonof@teleline.es
TordespÝ S.l.,tordespi@tordespi.e.telefonica.net
Metalurgica Para TelecomunicacionS.a.,mepat@mepat.es
Industrias Mecßnicas J. Millßn S.a.,comercial@indmillan.com
J. Carre S.l.,jcarresl@jcarresl.com
Torneados Kosta S.l.,torneadoskosta@euskalnet.net
Talleres LuartoS.l.,luarto@luarto.com
Jes·s O±ate Y Hnos. S.a.,comercial@jesusonate.com
Jesda S.a.,jesda@jesda.es
TornerÝa Estrada S.l.,torneriaestrada@tiscali.es
Laminados AsensioS.l.,jesus@laminadosa.com
Mecanizados Lineker S.a.,comercial@lineker.e.telefonica.net
Mecatez S.l.,jesus@mecatez.es
Mecanitzats Tram S.l.,tram@mectram.com
Ibarmia Precisi¾nS.l.,precision@ibarmia.com
Conesa Fabricaciones Metßlicas S.l.,comercial@metalinnova.com
Decolletatge FarrÚs S.a.,jfarres@decfa.net
Talleres Transglass S.l.,transglass@transglass.net
Manufacturas De Aluminio Y Galvanotecnia Industrial Sin AleacionesS.a.,magisasa@infonegocio.com
Herederos De Ignacio De La Iglesia Metal·rgica Gallega,comercial@metalurgicagallega.com
Jomaber S.l.,jomabersl@worldonline.es
Mecanizados Industriales Tresbo S.l.,tresbo@terra.es
Mecßnica GarmendiaS.l.,esteban@mgarmendia.com
Mecanizaciones Infe S.a.,comercial@minfe.com
Tallin S.a.,jordi@tallinsa.com
Industrias Del Troquelado Y Embutici¾n S.l.,troe@troe.org
Mecanizaci¾n Industrial De FuenlabradaS.a.l.,mis@meinfu.com
Mecanizados Y Montajes Herro S.l.,comercial@mmherro.com
Maquinaria Industrial Santander S.l.,joseantonio@mainsapoligrias.com
Troyma S.l.,troyma@telefonica.net
Mecßnica InmetalS.l.,mecanicainmetal@telefonica.net
Mts TÚcnica Y Control De FluÝdos S.a.,comercial@mtsvalves.com
Mecanizados Josfran S.l.,josfran@josfran.e.telefonica.net
Transformaciones Y Acabados Superficiales Industriales S.l.,tyasi@eresmas.com
Mediavilla Y BalaguerS.l.,admon@balaguer-rolls.com
Nortemecßnica S.a.,comercial@nortemecanica.es
Mecanizados Jotexa S.l.,jotexa@terra.es
Talleres Y Mecanizados Vice S.l.,tymvice@tymvice.com
Servimec MecanizadosS.l.,servimec@servimec.net
Pedro M¬ Fernßndez Gonzßlez Y Otro S.c.,comercial@pmfernandez.com
Javier Ramos S.l.,jramos@jramos.com
Talleres Ukondartz S.l.,ukondartz@euskalnet.net
Mecßnicas Sta. IsabelS.l.,msisab@terra.es
Pmz Comatrans S.a.,comercial@pmzcomatrans.com
J. Ruiz E Hijos S.l.,jruiz@servitel.es
Talleres Uriol S.a.,uriol@uriol.net
Altaco Transformados Metal·rgicosS.l.,alex@alex.es
Proalsa S.a.,comercial@proalsa-sa.com
Mecanizados Josal S.l.,juan@felas.eu
Urkitor S.a.,urkitor@telefonica.net
Mecanizados Acebr¾nS.l.,mecace@mecace-sl.com
Represa Construcciones Mecßnicas S.l.,comercial@represa.com
Seintech S.l.,juan@seintech.e.telefonica.net
Utyme S.l.,utyme@teleline.es
Decoletajes SerranoS.a.,decoletajes@decoletajes-serrano.com
Serveis Metal-lurgics Sabadell S.a.,comercial@semesa.com
Vilar Castro Hermanos C.b.,juanluis@vilarcastro.com
Vaifer S.l.,vaifer@vaifer.com
Esteban MartÝnezRafael,talleresesteban@hotmail.com
